﻿<?xml version="1.0" encoding="utf-8" ?>
<c2eventsheet>
    <!--All the 'name' attributes are ignored by Construct 2 - they are there for readability only.-->
    <name>menu awal</name>
    <events>
        <variable constant="0" name="pilih" sid="638714682255263" static="0" type="number">0</variable>
        <event-block sid="671242517423932">
            <conditions>
                <condition id="7" name="Cursor is over object" sid="111277381218664" type="Mouse">
                    <param id="0" name="Object">kelapa</param>
                </condition>
                <condition id="-14" name="Compare variable" sid="651051271179008" type="System">
                    <param id="0" name="Variable">pilih</param>
                    <param id="1" name="Comparison">0</param>
                    <param id="2" name="Value">0</param>
                </condition>
            </conditions>
            <actions>
                <action id="-7" name="Set size" sid="815081818381224" type="kelapa">
                    <param id="0" name="Width">1300</param>
                    <param id="1" name="Height">1300</param>
                </action>
                <action id="-15" name="Set visible" sid="998331331872243" type="pecah">
                    <param id="0" name="Visibility">0</param>
                </action>
                <action id="-15" name="Set visible" sid="758905751909930" type="logo2">
                    <param id="0" name="Visibility">0</param>
                </action>
                <action id="-15" name="Set visible" sid="430940364630989" type="Play">
                    <param id="0" name="Visibility">0</param>
                </action>
                <action id="-15" name="Set visible" sid="179573297995455" type="Box">
                    <param id="0" name="Visibility">0</param>
                </action>
                <action disabled="1" id="-15" name="Set visible" sid="160582966879665" type="score">
                    <param id="0" name="Visibility">0</param>
                </action>
                <action id="-15" name="Set visible" sid="629169140785821" type="Real_Score">
                    <param id="0" name="Visibility">0</param>
                </action>
            </actions>
        </event-block>
        <event-block sid="252340385652222">
            <conditions>
                <condition id="7" inverted="1" name="Cursor is over object" sid="322494133224351" type="Mouse">
                    <param id="0" name="Object">kelapa</param>
                </condition>
                <condition id="-14" name="Compare variable" sid="106296895065476" type="System">
                    <param id="0" name="Variable">pilih</param>
                    <param id="1" name="Comparison">0</param>
                    <param id="2" name="Value">0</param>
                </condition>
            </conditions>
            <actions>
                <action id="-7" name="Set size" sid="998981981908270" type="kelapa">
                    <param id="0" name="Width">1184.444</param>
                    <param id="1" name="Height">1184.444</param>
                </action>
                <action id="-15" name="Set visible" sid="432020461565807" type="pecah">
                    <param id="0" name="Visibility">0</param>
                </action>
                <action id="-15" name="Set visible" sid="958812419218960" type="logo2">
                    <param id="0" name="Visibility">0</param>
                </action>
                <action id="-15" name="Set visible" sid="227678621126332" type="Play">
                    <param id="0" name="Visibility">0</param>
                </action>
                <action id="-15" name="Set visible" sid="419837598789388" type="Box">
                    <param id="0" name="Visibility">0</param>
                </action>
                <action id="-15" name="Set visible" sid="612223778292213" type="score">
                    <param id="0" name="Visibility">0</param>
                </action>
                <action id="-15" name="Set visible" sid="377691121078851" type="Real_Score">
                    <param id="0" name="Visibility">0</param>
                </action>
            </actions>
        </event-block>
        <event-block sid="614523162829753">
            <conditions>
                <condition id="6" name="On object clicked" sid="370304344525419" type="Mouse">
                    <param id="0" name="Mouse button">0</param>
                    <param id="1" name="Click type">0</param>
                    <param id="2" name="Object clicked">kelapa</param>
                </condition>
            </conditions>
            <actions>
                <action id="-9" name="Set value" sid="718679978638714" type="System">
                    <param id="0" name="Variable">pilih</param>
                    <param id="1" name="Value">1</param>
                </action>
            </actions>
        </event-block>
        <event-block sid="202854410444710">
            <conditions>
                <condition id="-14" name="Compare variable" sid="270781718127897" type="System">
                    <param id="0" name="Variable">pilih</param>
                    <param id="1" name="Comparison">0</param>
                    <param id="2" name="Value">1</param>
                </condition>
                <condition id="-4" name="Trigger once while true" sid="986127177441753" type="System" />
            </conditions>
            <actions>
                <action id="0" name="Play" sid="939587285516830" type="Audio">
                    <param id="0" name="Audio file">bensound-littleidea</param>
                    <param id="2" name="Loop">0</param>
                    <param id="3" name="Volume">40</param>
                    <param id="1" name="Tag (optional)">&quot;&quot;</param>
                </action>
                <action id="-15" name="Set visible" sid="247527746357328" type="kelapa">
                    <param id="0" name="Visibility">0</param>
                </action>
                <action id="-15" name="Set visible" sid="420417338409022" type="pecah">
                    <param id="0" name="Visibility">1</param>
                </action>
                <action id="-15" name="Set visible" sid="160603081998930" type="logo2">
                    <param id="0" name="Visibility">1</param>
                </action>
                <action id="-16" name="Wait" sid="710087550926797" type="System">
                    <param id="0" name="Seconds">0.5</param>
                </action>
                <action id="-15" name="Set visible" sid="121630864005424" type="Play">
                    <param id="0" name="Visibility">1</param>
                </action>
                <action id="-7" name="Set size" sid="939710851380672" type="logo2">
                    <param id="0" name="Width">578.799</param>
                    <param id="1" name="Height">578.799</param>
                </action>
                <action id="-23" name="Move at angle" sid="165554687135706" type="logo2">
                    <param id="0" name="Angle">-90</param>
                    <param id="1" name="Distance">0.005</param>
                </action>
                <action id="-7" name="Set size" sid="539486041709816" type="pecah">
                    <param id="0" name="Width">1184.444</param>
                    <param id="1" name="Height">1184.444</param>
                </action>
                <action id="-16" name="Wait" sid="397585915749950" type="System">
                    <param id="0" name="Seconds">0.5</param>
                </action>
                <action id="-15" name="Set visible" sid="656362139143593" type="Box">
                    <param id="0" name="Visibility">1</param>
                </action>
                <action id="-16" name="Set opacity" sid="285219316103442" type="Box">
                    <param id="0" name="Opacity">80</param>
                </action>
                <action id="-15" name="Set visible" sid="869104696877084" type="score">
                    <param id="0" name="Visibility">1</param>
                </action>
                <action id="-15" name="Set visible" sid="929599620381908" type="Real_Score">
                    <param id="0" name="Visibility">1</param>
                </action>
                <action id="0" name="Set text" sid="459763915372132" type="Real_Score">
                    <param id="0" name="Text">score</param>
                </action>
            </actions>
        </event-block>
        <event-block sid="230392115672348">
            <conditions>
                <condition id="7" name="Cursor is over object" sid="645990228140330" type="Mouse">
                    <param id="0" name="Object">Play</param>
                </condition>
            </conditions>
            <actions>
                <action id="-7" name="Set size" sid="575764195156078" type="Play">
                    <param id="0" name="Width">551.692</param>
                    <param id="1" name="Height">143.254</param>
                </action>
            </actions>
        </event-block>
        <event-block sid="923881583246358">
            <conditions>
                <condition id="7" inverted="1" name="Cursor is over object" sid="636267236973618" type="Mouse">
                    <param id="0" name="Object">Play</param>
                </condition>
            </conditions>
            <actions>
                <action id="-7" name="Set size" sid="917139087664840" type="Play">
                    <param id="0" name="Width">488.133</param>
                    <param id="1" name="Height">126.75</param>
                </action>
            </actions>
        </event-block>
        <variable constant="0" name="play_clicked" sid="772316561378998" static="0" type="number">0</variable>
        <event-block sid="466871219449249">
            <conditions>
                <condition id="6" name="On object clicked" sid="933418030546526" type="Mouse">
                    <param id="0" name="Mouse button">0</param>
                    <param id="1" name="Click type">0</param>
                    <param id="2" name="Object clicked">Play</param>
                </condition>
            </conditions>
            <actions>
                <action id="-7" name="Set size" sid="271226283788767" type="Play">
                    <param id="0" name="Width">340.311</param>
                    <param id="1" name="Height">88.366</param>
                </action>
                <action id="-2" name="Go to layout" sid="918019271151897" type="System">
                    <param id="0" name="Layout">ready</param>
                </action>
            </actions>
        </event-block>
    </events>
</c2eventsheet>
