﻿<?xml version="1.0" encoding="utf-8" ?>
<c2eventsheet>
    <!--All the 'name' attributes are ignored by Construct 2 - they are there for readability only.-->
    <name>pny game</name>
    <events>
        <variable constant="0" name="idx1" sid="946295017521138" static="0" type="number">0</variable>
        <variable constant="0" name="jawaban" sid="343858466133107" static="0" type="number">0</variable>
        <variable constant="0" name="idx2" sid="931194490563380" static="0" type="number">0</variable>
        <variable constant="0" name="idx3" sid="282587299102193" static="0" type="number">0</variable>
        <variable constant="0" name="operator" sid="404891757341620" static="0" type="number">0</variable>
        <variable constant="0" name="angka2" sid="675963716511793" static="0" type="number">0</variable>
        <variable constant="0" name="score" sid="818873728226952" static="0" type="number">0</variable>
        <variable constant="0" name="angka1" sid="324600724306965" static="0" type="number">0</variable>
        <variable constant="0" name="tekan" sid="960754705578002" static="0" type="number">0</variable>
        <event-block sid="998289800997684">
            <conditions>
                <condition id="-2" name="On start of layout" sid="147000448288099" type="System" />
            </conditions>
            <actions>
                <action id="-9" name="Destroy" sid="727150062177783" type="Text3" />
                <action id="-9" name="Destroy" sid="501860146293043" type="Lemon_tampak_belakang" />
                <action id="-9" name="Destroy" sid="860032666121322" type="lemon" />
                <action id="-9" name="Destroy" sid="635854019899043" type="S_8" />
                <action id="-9" name="Destroy" sid="514539894202404" type="nenasbola2" />
                <action id="-9" name="Destroy" sid="923388036054038" type="Coconut_tampak_belakang" />
                <action id="-9" name="Destroy" sid="913240081353748" type="Coconut" />
                <action id="-3" name="Create object" sid="877313337604838" type="System">
                    <param id="0" name="Object to create">S_8</param>
                    <param id="1" name="Layer">6</param>
                    <param id="2" name="X">home.X</param>
                    <param id="3" name="Y">home.Y</param>
                </action>
                <action id="-3" name="Create object" sid="468371493575620" type="System">
                    <param id="0" name="Object to create">nenasbola2</param>
                    <param id="1" name="Layer">3</param>
                    <param id="2" name="X">Sprite4.X</param>
                    <param id="3" name="Y">Sprite4.Y</param>
                </action>
                <action id="-7" name="Set size" sid="967137956564373" type="S_4">
                    <param id="0" name="Width">132</param>
                    <param id="1" name="Height">132</param>
                </action>
                <action id="-7" name="Set size" sid="291701174426943" type="S_9">
                    <param id="0" name="Width">120</param>
                    <param id="1" name="Height">120</param>
                </action>
                <action id="-7" name="Set size" sid="398829813595899" type="S_2">
                    <param id="0" name="Width">120</param>
                    <param id="1" name="Height">120</param>
                </action>
                <action id="-9" name="Set value" sid="101343416566098" type="System">
                    <param id="0" name="Variable">angka1</param>
                    <param id="1" name="Value">3</param>
                </action>
                <action id="-9" name="Set value" sid="809023615834903" type="System">
                    <param id="0" name="Variable">angka2</param>
                    <param id="1" name="Value">3</param>
                </action>
                <action id="-9" name="Set value" sid="684108956578343" type="System">
                    <param id="0" name="Variable">operator</param>
                    <param id="1" name="Value">1</param>
                </action>
                <action id="0" name="Set text" sid="830019585363953" type="angka1">
                    <param id="0" name="Text">angka1</param>
                </action>
                <action id="0" name="Set text" sid="896316528905807" type="angka2">
                    <param id="0" name="Text">angka2</param>
                </action>
                <action id="-9" name="Set value" sid="682666902057988" type="System">
                    <param id="0" name="Variable">tekan</param>
                    <param id="1" name="Value">0</param>
                </action>
                <action id="-9" name="Set value" sid="278257169585370" type="System">
                    <param id="0" name="Variable">jawaban</param>
                    <param id="1" name="Value">angka1*angka2</param>
                </action>
                <action id="-9" name="Set value" sid="170793439680816" type="System">
                    <param id="0" name="Variable">idx1</param>
                    <param id="1" name="Value">10</param>
                </action>
                <action id="0" name="Set text" sid="355496459235296" type="S_10tulisan">
                    <param id="0" name="Text">idx1</param>
                </action>
                <action id="-9" name="Set value" sid="646039313352185" type="System">
                    <param id="0" name="Variable">idx2</param>
                    <param id="1" name="Value">4</param>
                </action>
                <action id="0" name="Set text" sid="902344299573162" type="S_11tulisan">
                    <param id="0" name="Text">idx2</param>
                </action>
                <action id="-9" name="Set value" sid="711375689142877" type="System">
                    <param id="0" name="Variable">idx3</param>
                    <param id="1" name="Value">6</param>
                </action>
                <action id="0" name="Set text" sid="508622319588085" type="S_12tulisan">
                    <param id="0" name="Text">idx3</param>
                </action>
            </actions>
            <sub-events>
                <event-block sid="893713882497091">
                    <conditions>
                        <condition id="-14" name="Compare variable" sid="643744241574285" type="System">
                            <param id="0" name="Variable">operator</param>
                            <param id="1" name="Comparison">0</param>
                            <param id="2" name="Value">1</param>
                        </condition>
                    </conditions>
                    <actions>
                        <action id="-9" name="Set value" sid="617036944501120" type="System">
                            <param id="0" name="Variable">jawaban</param>
                            <param id="1" name="Value">angka1*angka2</param>
                        </action>
                        <action id="0" name="Set text" sid="938440607575918" type="operator">
                            <param id="0" name="Text">&quot;X&quot;</param>
                        </action>
                    </actions>
                </event-block>
                <event-block sid="916209297597322">
                    <conditions>
                        <condition id="-14" name="Compare variable" sid="646484105784209" type="System">
                            <param id="0" name="Variable">operator</param>
                            <param id="1" name="Comparison">0</param>
                            <param id="2" name="Value">2</param>
                        </condition>
                    </conditions>
                    <actions>
                        <action id="-9" name="Set value" sid="219504064619471" type="System">
                            <param id="0" name="Variable">jawaban</param>
                            <param id="1" name="Value">angka1+angka2</param>
                        </action>
                        <action id="0" name="Set text" sid="851874406417145" type="operator">
                            <param id="0" name="Text">&quot;+&quot;</param>
                        </action>
                    </actions>
                </event-block>
            </sub-events>
        </event-block>
        <event-group description="" sid="592196203454018" title="soal dan jawaban validasi">
            <sub-events>
                <event-block sid="814053638939971">
                    <conditions>
                        <condition id="-23" name="While" sid="872399524815113" type="System" />
                        <condition id="-14" name="Compare variable" sid="165905003139069" type="System">
                            <param id="0" name="Variable">tekan</param>
                            <param id="1" name="Comparison">0</param>
                            <param id="2" name="Value">jawaban</param>
                        </condition>
                    </conditions>
                    <actions>
                        <action disabled="1" id="-9" name="Destroy" sid="694925881064166" type="Text3" />
                        <action id="-3" name="Create object" sid="962906248204737" type="System">
                            <param id="0" name="Object to create">Text3</param>
                            <param id="1" name="Layer">11</param>
                            <param id="2" name="X">Text.X</param>
                            <param id="3" name="Y">Text.Y</param>
                        </action>
                        <action disabled="1" id="-16" name="Wait" sid="380346919959545" type="System">
                            <param id="0" name="Seconds">0.1</param>
                        </action>
                        <action id="-9" name="Set value" sid="651660302992189" type="System">
                            <param id="0" name="Variable">tekan</param>
                            <param id="1" name="Value">0</param>
                        </action>
                        <action id="-9" name="Set value" sid="448976192423199" type="System">
                            <param id="0" name="Variable">jawaban</param>
                            <param id="1" name="Value">0</param>
                        </action>
                        <action id="-9" name="Set value" sid="799807469221354" type="System">
                            <param id="0" name="Variable">angka1</param>
                            <param id="1" name="Value">round(random(1,10))</param>
                        </action>
                        <action id="-9" name="Set value" sid="857971312718514" type="System">
                            <param id="0" name="Variable">angka2</param>
                            <param id="1" name="Value">round(random(1,10))</param>
                        </action>
                        <action id="-9" name="Set value" sid="781996746307963" type="System">
                            <param id="0" name="Variable">operator</param>
                            <param id="1" name="Value">round(random(1,2))</param>
                        </action>
                        <action id="0" name="Set text" sid="350001164307026" type="angka1">
                            <param id="0" name="Text">angka1</param>
                        </action>
                        <action id="0" name="Set text" sid="552564027657818" type="angka2">
                            <param id="0" name="Text">angka2</param>
                        </action>
                    </actions>
                    <sub-events>
                        <event-block sid="646922613786950">
                            <conditions>
                                <condition id="-14" name="Compare variable" sid="882530919988984" type="System">
                                    <param id="0" name="Variable">operator</param>
                                    <param id="1" name="Comparison">0</param>
                                    <param id="2" name="Value">1</param>
                                </condition>
                            </conditions>
                            <actions>
                                <action id="-9" name="Set value" sid="348221888842477" type="System">
                                    <param id="0" name="Variable">jawaban</param>
                                    <param id="1" name="Value">angka1*angka2</param>
                                </action>
                                <action id="0" name="Set text" sid="973958296419670" type="operator">
                                    <param id="0" name="Text">&quot;X&quot;</param>
                                </action>
                            </actions>
                        </event-block>
                        <event-block sid="765669685024764">
                            <conditions>
                                <condition id="-14" name="Compare variable" sid="309025863968528" type="System">
                                    <param id="0" name="Variable">operator</param>
                                    <param id="1" name="Comparison">0</param>
                                    <param id="2" name="Value">2</param>
                                </condition>
                            </conditions>
                            <actions>
                                <action id="-9" name="Set value" sid="802251790559610" type="System">
                                    <param id="0" name="Variable">jawaban</param>
                                    <param id="1" name="Value">angka1+angka2</param>
                                </action>
                                <action id="0" name="Set text" sid="908411699562098" type="operator">
                                    <param id="0" name="Text">&quot;+&quot;</param>
                                </action>
                            </actions>
                        </event-block>
                        <event-block sid="774128181882537">
                            <conditions>
                                <condition id="-23" name="While" sid="381336900358610" type="System" />
                                <condition id="-14" name="Compare variable" sid="238687951372732" type="System">
                                    <param id="0" name="Variable">jawaban</param>
                                    <param id="1" name="Comparison">4</param>
                                    <param id="2" name="Value">idx1+idx2+idx3</param>
                                </condition>
                            </conditions>
                            <actions>
                                <action id="-9" name="Set value" sid="688506926899934" type="System">
                                    <param id="0" name="Variable">idx1</param>
                                    <param id="1" name="Value">round(random(1,jawaban))</param>
                                </action>
                                <action id="0" name="Set text" sid="271872112580149" type="S_10tulisan">
                                    <param id="0" name="Text">idx1</param>
                                </action>
                                <action id="-9" name="Set value" sid="876122434508434" type="System">
                                    <param id="0" name="Variable">idx2</param>
                                    <param id="1" name="Value">round(random(1,jawaban))</param>
                                </action>
                                <action id="0" name="Set text" sid="754674734547372" type="S_11tulisan">
                                    <param id="0" name="Text">idx2</param>
                                </action>
                                <action id="-9" name="Set value" sid="612618472038225" type="System">
                                    <param id="0" name="Variable">idx3</param>
                                    <param id="1" name="Value">round(random(1,jawaban))</param>
                                </action>
                                <action id="0" name="Set text" sid="229084520248902" type="S_12tulisan">
                                    <param id="0" name="Text">idx3</param>
                                </action>
                            </actions>
                        </event-block>
                    </sub-events>
                </event-block>
            </sub-events>
        </event-group>
        <event-group description="" sid="248531446944976" title="moving balls">
            <sub-events>
                <event-block sid="913107706594432">
                    <conditions>
                        <condition id="6" name="On object clicked" sid="633580073808494" type="Mouse">
                            <param id="0" name="Mouse button">0</param>
                            <param id="1" name="Click type">0</param>
                            <param id="2" name="Object clicked">S_9</param>
                        </condition>
                    </conditions>
                    <actions>
                        <action id="-3" name="Create object" sid="474476247252512" type="System">
                            <param id="0" name="Object to create">Coconut_tampak_belakang</param>
                            <param id="1" name="Layer">6</param>
                            <param id="2" name="X">home.X</param>
                            <param id="3" name="Y">home.Y</param>
                        </action>
                        <action id="-3" name="Create object" sid="306163767006790" type="System">
                            <param id="0" name="Object to create">Coconut</param>
                            <param id="1" name="Layer">3</param>
                            <param id="2" name="X">Sprite4.X</param>
                            <param id="3" name="Y">Sprite4.Y</param>
                        </action>
                        <action id="-9" name="Destroy" sid="250877861405923" type="Lemon_tampak_belakang" />
                        <action id="-9" name="Destroy" sid="388275927276414" type="S_8" />
                        <action id="-9" name="Destroy" sid="284752689323920" type="nenasbola2" />
                        <action id="-7" name="Set size" sid="913142142768525" type="S_9">
                            <param id="0" name="Width">140</param>
                            <param id="1" name="Height">140</param>
                        </action>
                        <action id="-7" name="Set size" sid="384606885288151" type="S_4">
                            <param id="0" name="Width">120</param>
                            <param id="1" name="Height">120</param>
                        </action>
                        <action id="-7" name="Set size" sid="475851013802229" type="S_2">
                            <param id="0" name="Width">120</param>
                            <param id="1" name="Height">120</param>
                        </action>
                    </actions>
                </event-block>
                <event-block sid="706308490720443">
                    <conditions>
                        <condition id="6" name="On object clicked" sid="702698745607988" type="Mouse">
                            <param id="0" name="Mouse button">0</param>
                            <param id="1" name="Click type">0</param>
                            <param id="2" name="Object clicked">S_4</param>
                        </condition>
                    </conditions>
                    <actions>
                        <action id="-3" name="Create object" sid="777994031736936" type="System">
                            <param id="0" name="Object to create">S_8</param>
                            <param id="1" name="Layer">6</param>
                            <param id="2" name="X">home.X</param>
                            <param id="3" name="Y">home.Y</param>
                        </action>
                        <action id="-3" name="Create object" sid="921970816108904" type="System">
                            <param id="0" name="Object to create">nenasbola2</param>
                            <param id="1" name="Layer">3</param>
                            <param id="2" name="X">Sprite4.X</param>
                            <param id="3" name="Y">Sprite4.Y</param>
                        </action>
                        <action id="-9" name="Destroy" sid="550494590956802" type="Lemon_tampak_belakang" />
                        <action id="-9" name="Destroy" sid="514483266733683" type="lemon" />
                        <action id="-9" name="Destroy" sid="856516027117538" type="Coconut_tampak_belakang" />
                        <action id="-9" name="Destroy" sid="974117750577383" type="Coconut" />
                        <action id="-7" name="Set size" sid="975894287663124" type="S_4">
                            <param id="0" name="Width">140</param>
                            <param id="1" name="Height">140</param>
                        </action>
                        <action id="-7" name="Set size" sid="536618011898677" type="S_9">
                            <param id="0" name="Width">120</param>
                            <param id="1" name="Height">120</param>
                        </action>
                        <action id="-7" name="Set size" sid="987591748476462" type="S_2">
                            <param id="0" name="Width">120</param>
                            <param id="1" name="Height">120</param>
                        </action>
                    </actions>
                </event-block>
                <event-block sid="929457509985622">
                    <conditions>
                        <condition id="6" name="On object clicked" sid="621448982865273" type="Mouse">
                            <param id="0" name="Mouse button">0</param>
                            <param id="1" name="Click type">0</param>
                            <param id="2" name="Object clicked">S_2</param>
                        </condition>
                    </conditions>
                    <actions>
                        <action id="-3" name="Create object" sid="461674357816564" type="System">
                            <param id="0" name="Object to create">Lemon_tampak_belakang</param>
                            <param id="1" name="Layer">6</param>
                            <param id="2" name="X">home.X</param>
                            <param id="3" name="Y">home.Y</param>
                        </action>
                        <action id="-3" name="Create object" sid="949725630301188" type="System">
                            <param id="0" name="Object to create">lemon</param>
                            <param id="1" name="Layer">3</param>
                            <param id="2" name="X">Sprite4.X</param>
                            <param id="3" name="Y">Sprite4.Y</param>
                        </action>
                        <action id="-9" name="Destroy" sid="518315983633480" type="S_8" />
                        <action id="-9" name="Destroy" sid="311747959881539" type="nenasbola2" />
                        <action id="-9" name="Destroy" sid="434772928404322" type="Coconut" />
                        <action id="-9" name="Destroy" sid="283074869448999" type="Coconut_tampak_belakang" />
                        <action id="-9" name="Destroy" sid="969991107275627" type="Coconut" />
                        <action id="-7" name="Set size" sid="664453907175756" type="S_2">
                            <param id="0" name="Width">140</param>
                            <param id="1" name="Height">140</param>
                        </action>
                        <action id="-7" name="Set size" sid="231680770885671" type="S_9">
                            <param id="0" name="Width">120</param>
                            <param id="1" name="Height">120</param>
                        </action>
                        <action id="-7" name="Set size" sid="656317970526766" type="S_4">
                            <param id="0" name="Width">120</param>
                            <param id="1" name="Height">120</param>
                        </action>
                    </actions>
                </event-block>
                <event-block sid="357282296336299">
                    <conditions>
                        <condition behavior="Pathfinding" id="0" name="On path found" sid="775597152458004" type="lemon" />
                    </conditions>
                    <actions>
                        <action behavior="Pathfinding" id="1" name="Move along path" sid="831040137320420" type="lemon" />
                    </actions>
                </event-block>
                <event-block sid="591191219349257">
                    <conditions>
                        <condition behavior="Pathfinding" id="0" name="On path found" sid="470898596066859" type="nenasbola2" />
                    </conditions>
                    <actions>
                        <action behavior="Pathfinding" id="1" name="Move along path" sid="676550935936610" type="nenasbola2" />
                    </actions>
                </event-block>
                <event-block sid="719692138118567">
                    <conditions>
                        <condition behavior="Pathfinding" id="0" name="On path found" sid="961185744466088" type="Coconut" />
                    </conditions>
                    <actions>
                        <action behavior="Pathfinding" id="1" name="Move along path" sid="960730249026956" type="Coconut" />
                    </actions>
                </event-block>
                <event-block sid="752408519081350">
                    <conditions>
                        <condition id="0" name="On collision with another object" sid="394600446192567" type="Coconut">
                            <param id="0" name="Object">Sprite</param>
                        </condition>
                    </conditions>
                    <actions>
                        <action id="-10" name="Add to" sid="553612276175243" type="System">
                            <param id="0" name="Variable">tekan</param>
                            <param id="1" name="Value">1</param>
                        </action>
                        <action id="-9" name="Destroy" sid="360931329937277" type="Coconut" />
                        <action id="-11" name="Subtract from" sid="699143617940641" type="System">
                            <param id="0" name="Variable">idx2</param>
                            <param id="1" name="Value">1</param>
                        </action>
                        <action id="0" name="Set text" sid="304915138986519" type="S_11tulisan">
                            <param id="0" name="Text">idx2</param>
                        </action>
                        <action id="0" name="Set text" sid="943777120526776" type="Text">
                            <param id="0" name="Text">tekan</param>
                        </action>
                        <action id="-10" name="Add to" sid="889889139180321" type="System">
                            <param id="0" name="Variable">score</param>
                            <param id="1" name="Value">1</param>
                        </action>
                        <action id="0" name="Set text" sid="758538199437825" type="score">
                            <param id="0" name="Text">score</param>
                        </action>
                    </actions>
                </event-block>
                <event-block sid="590831242268802">
                    <conditions>
                        <condition id="0" name="On collision with another object" sid="187110290767459" type="nenasbola2">
                            <param id="0" name="Object">Sprite2</param>
                        </condition>
                    </conditions>
                    <actions>
                        <action id="-10" name="Add to" sid="671337522873177" type="System">
                            <param id="0" name="Variable">tekan</param>
                            <param id="1" name="Value">1</param>
                        </action>
                        <action id="-9" name="Destroy" sid="316802605355693" type="nenasbola2" />
                        <action id="-11" name="Subtract from" sid="233564107875733" type="System">
                            <param id="0" name="Variable">idx1</param>
                            <param id="1" name="Value">1</param>
                        </action>
                        <action id="0" name="Set text" sid="875063838393288" type="S_10tulisan">
                            <param id="0" name="Text">idx1</param>
                        </action>
                        <action id="0" name="Set text" sid="184836705373693" type="Text">
                            <param id="0" name="Text">tekan</param>
                        </action>
                        <action id="-10" name="Add to" sid="756834840577934" type="System">
                            <param id="0" name="Variable">score</param>
                            <param id="1" name="Value">1</param>
                        </action>
                        <action id="0" name="Set text" sid="655880615349818" type="score">
                            <param id="0" name="Text">score</param>
                        </action>
                    </actions>
                </event-block>
                <event-block sid="237140442971914">
                    <conditions>
                        <condition id="0" name="On collision with another object" sid="835928411806090" type="lemon">
                            <param id="0" name="Object">Sprite3</param>
                        </condition>
                    </conditions>
                    <actions>
                        <action id="-10" name="Add to" sid="658036714052117" type="System">
                            <param id="0" name="Variable">tekan</param>
                            <param id="1" name="Value">1</param>
                        </action>
                        <action id="-9" name="Destroy" sid="996990321138938" type="lemon" />
                        <action id="-11" name="Subtract from" sid="201220919489326" type="System">
                            <param id="0" name="Variable">idx3</param>
                            <param id="1" name="Value">1</param>
                        </action>
                        <action id="0" name="Set text" sid="639429913350022" type="S_12tulisan">
                            <param id="0" name="Text">idx3</param>
                        </action>
                        <action id="0" name="Set text" sid="856960339241195" type="Text">
                            <param id="0" name="Text">tekan</param>
                        </action>
                        <action id="-10" name="Add to" sid="978602930333448" type="System">
                            <param id="0" name="Variable">score</param>
                            <param id="1" name="Value">1</param>
                        </action>
                        <action id="0" name="Set text" sid="326086909294229" type="score">
                            <param id="0" name="Text">score</param>
                        </action>
                    </actions>
                </event-block>
                <event-block sid="916130131565512">
                    <conditions>
                        <condition id="6" name="On object clicked" sid="380726672943445" type="Mouse">
                            <param id="0" name="Mouse button">0</param>
                            <param id="1" name="Click type">0</param>
                            <param id="2" name="Object clicked">S_8</param>
                        </condition>
                    </conditions>
                    <actions>
                        <action id="-15" name="Set visible" sid="964836997080234" type="nenasbola2">
                            <param id="0" name="Visibility">1</param>
                        </action>
                        <action behavior="Pathfinding" id="0" name="Find path" sid="828438031024427" type="nenasbola2">
                            <param id="0" name="X">nenasbarrel.X</param>
                            <param id="1" name="Y">nenasbarrel.Y-105</param>
                        </action>
                        <action id="-16" name="Wait" sid="899881998777718" type="System">
                            <param id="0" name="Seconds">0.1</param>
                        </action>
                        <action id="-3" name="Create object" sid="103439520626651" type="System">
                            <param id="0" name="Object to create">nenasbola2</param>
                            <param id="1" name="Layer">3</param>
                            <param id="2" name="X">Sprite4.X</param>
                            <param id="3" name="Y">Sprite4.Y</param>
                        </action>
                    </actions>
                </event-block>
                <event-block sid="340016083428564">
                    <conditions>
                        <condition id="6" name="On object clicked" sid="111470109010761" type="Mouse">
                            <param id="0" name="Mouse button">0</param>
                            <param id="1" name="Click type">0</param>
                            <param id="2" name="Object clicked">Lemon_tampak_belakang</param>
                        </condition>
                    </conditions>
                    <actions>
                        <action id="-15" name="Set visible" sid="211541652386057" type="lemon">
                            <param id="0" name="Visibility">1</param>
                        </action>
                        <action behavior="Pathfinding" id="0" name="Find path" sid="120874543401203" type="lemon">
                            <param id="0" name="X">lemonbarrel.X</param>
                            <param id="1" name="Y">lemonbarrel.Y-105</param>
                        </action>
                        <action id="-16" name="Wait" sid="577853642378107" type="System">
                            <param id="0" name="Seconds">0.2</param>
                        </action>
                        <action id="-3" name="Create object" sid="147216121503838" type="System">
                            <param id="0" name="Object to create">lemon</param>
                            <param id="1" name="Layer">3</param>
                            <param id="2" name="X">Sprite4.X</param>
                            <param id="3" name="Y">Sprite4.Y</param>
                        </action>
                    </actions>
                </event-block>
                <event-block sid="149476669320381">
                    <conditions>
                        <condition id="6" name="On object clicked" sid="988854800166050" type="Mouse">
                            <param id="0" name="Mouse button">0</param>
                            <param id="1" name="Click type">0</param>
                            <param id="2" name="Object clicked">Coconut_tampak_belakang</param>
                        </condition>
                    </conditions>
                    <actions>
                        <action id="-15" name="Set visible" sid="409100202500789" type="Coconut">
                            <param id="0" name="Visibility">1</param>
                        </action>
                        <action behavior="Pathfinding" id="0" name="Find path" sid="961248338921367" type="Coconut">
                            <param id="0" name="X">kelapabarrel.X</param>
                            <param id="1" name="Y">kelapabarrel.Y-105</param>
                        </action>
                        <action id="-16" name="Wait" sid="764902071807955" type="System">
                            <param id="0" name="Seconds">0.2</param>
                        </action>
                        <action id="-3" name="Create object" sid="741689112982294" type="System">
                            <param id="0" name="Object to create">Coconut</param>
                            <param id="1" name="Layer">3</param>
                            <param id="2" name="X">Sprite4.X</param>
                            <param id="3" name="Y">Sprite4.Y</param>
                        </action>
                    </actions>
                </event-block>
            </sub-events>
        </event-group>
        <event-block sid="857588587116238">
            <conditions>
                <condition id="-14" name="Compare variable" sid="519633237474822" type="System">
                    <param id="0" name="Variable">idx1</param>
                    <param id="1" name="Comparison">2</param>
                    <param id="2" name="Value">0</param>
                </condition>
            </conditions>
            <actions>
                <action id="-9" name="Set value" sid="605945612885174" type="System">
                    <param id="0" name="Variable">idx1</param>
                    <param id="1" name="Value">0</param>
                </action>
                <action id="0" name="Set text" sid="768388959886468" type="S_10tulisan">
                    <param id="0" name="Text">idx1</param>
                </action>
                <action id="-11" name="Subtract from" sid="879114347834748" type="System">
                    <param id="0" name="Variable">score</param>
                    <param id="1" name="Value">3</param>
                </action>
                <action id="0" name="Set text" sid="848285252037147" type="score">
                    <param id="0" name="Text">score</param>
                </action>
                <action id="-11" name="Subtract from" sid="114660754542987" type="System">
                    <param id="0" name="Variable">tekan</param>
                    <param id="1" name="Value">1</param>
                </action>
                <action id="0" name="Set text" sid="647808791167944" type="Text">
                    <param id="0" name="Text">tekan</param>
                </action>
            </actions>
        </event-block>
        <event-block sid="251424880177217">
            <conditions>
                <condition id="-14" name="Compare variable" sid="797147869118633" type="System">
                    <param id="0" name="Variable">idx2</param>
                    <param id="1" name="Comparison">2</param>
                    <param id="2" name="Value">0</param>
                </condition>
            </conditions>
            <actions>
                <action id="-9" name="Set value" sid="625420583304994" type="System">
                    <param id="0" name="Variable">idx2</param>
                    <param id="1" name="Value">0</param>
                </action>
                <action id="0" name="Set text" sid="241526689853666" type="S_11tulisan">
                    <param id="0" name="Text">idx2</param>
                </action>
                <action id="-11" name="Subtract from" sid="101053078871590" type="System">
                    <param id="0" name="Variable">score</param>
                    <param id="1" name="Value">3</param>
                </action>
                <action id="0" name="Set text" sid="164647263438251" type="score">
                    <param id="0" name="Text">score</param>
                </action>
                <action id="-11" name="Subtract from" sid="692529291879302" type="System">
                    <param id="0" name="Variable">tekan</param>
                    <param id="1" name="Value">1</param>
                </action>
                <action id="0" name="Set text" sid="670380478265288" type="Text">
                    <param id="0" name="Text">tekan</param>
                </action>
            </actions>
        </event-block>
        <event-block sid="646844013254006">
            <conditions>
                <condition id="-14" name="Compare variable" sid="139928535809237" type="System">
                    <param id="0" name="Variable">idx3</param>
                    <param id="1" name="Comparison">2</param>
                    <param id="2" name="Value">0</param>
                </condition>
            </conditions>
            <actions>
                <action id="-9" name="Set value" sid="406458869784317" type="System">
                    <param id="0" name="Variable">idx3</param>
                    <param id="1" name="Value">0</param>
                </action>
                <action id="0" name="Set text" sid="122288326616193" type="S_12tulisan">
                    <param id="0" name="Text">idx3</param>
                </action>
                <action id="-11" name="Subtract from" sid="113332883179254" type="System">
                    <param id="0" name="Variable">score</param>
                    <param id="1" name="Value">3</param>
                </action>
                <action id="0" name="Set text" sid="236289769189708" type="score">
                    <param id="0" name="Text">score</param>
                </action>
                <action id="-11" name="Subtract from" sid="893821407490564" type="System">
                    <param id="0" name="Variable">tekan</param>
                    <param id="1" name="Value">1</param>
                </action>
                <action id="0" name="Set text" sid="282940699580352" type="Text">
                    <param id="0" name="Text">tekan</param>
                </action>
            </actions>
        </event-block>
    </events>
</c2eventsheet>
