﻿<?xml version="1.0" encoding="utf-8" ?>
<c2eventsheet>
    <!--All the 'name' attributes are ignored by Construct 2 - they are there for readability only.-->
    <name>ready</name>
    <events>
        <event-block sid="713642130159018">
            <conditions>
                <condition id="-2" name="On start of layout" sid="750765905562133" type="System" />
            </conditions>
            <actions>
                <action id="-16" name="Set opacity" sid="603687761985842" type="Sprite6">
                    <param id="0" name="Opacity">60</param>
                </action>
                <action id="-15" name="Set visible" sid="497706516437554" type="Sprite6">
                    <param id="0" name="Visibility">1</param>
                </action>
                <action id="-9" name="Destroy" sid="162740713473567" type="persiapan" />
                <action id="-3" name="Create object" sid="804360900288196" type="System">
                    <param id="0" name="Object to create">persiapan</param>
                    <param id="1" name="Layer">10</param>
                    <param id="2" name="X">Sprite7.X</param>
                    <param id="3" name="Y">Sprite7.Y</param>
                </action>
                <action id="0" name="Set text" sid="844555328639938" type="persiapan">
                    <param id="0" name="Text">&quot;READY&quot;</param>
                </action>
                <action id="-16" name="Wait" sid="680570576922980" type="System">
                    <param id="0" name="Seconds">2</param>
                </action>
                <action id="-3" name="Create object" sid="200778194095089" type="System">
                    <param id="0" name="Object to create">persiapan</param>
                    <param id="1" name="Layer">10</param>
                    <param id="2" name="X">Sprite7.X</param>
                    <param id="3" name="Y">Sprite7.Y</param>
                </action>
                <action id="0" name="Set text" sid="132578699721407" type="persiapan">
                    <param id="0" name="Text">&quot;SET&quot;</param>
                </action>
                <action id="-16" name="Wait" sid="213190746869767" type="System">
                    <param id="0" name="Seconds">2</param>
                </action>
                <action id="-3" name="Create object" sid="726957117016945" type="System">
                    <param id="0" name="Object to create">persiapan</param>
                    <param id="1" name="Layer">10</param>
                    <param id="2" name="X">Sprite7.X</param>
                    <param id="3" name="Y">Sprite7.Y</param>
                </action>
                <action id="0" name="Set text" sid="487358399270434" type="persiapan">
                    <param id="0" name="Text">&quot;GO&quot;</param>
                </action>
                <action id="-16" name="Wait" sid="243341260922024" type="System">
                    <param id="0" name="Seconds">2</param>
                </action>
                <action disabled="1" id="-15" name="Set visible" sid="656766955588760" type="Sprite6">
                    <param id="0" name="Visibility">0</param>
                </action>
                <action id="-2" name="Go to layout" sid="356573195520867" type="System">
                    <param id="0" name="Layout">maingame</param>
                </action>
            </actions>
        </event-block>
    </events>
</c2eventsheet>
